x1,x2,x3,x4,x5,x6,x7,x8,x9,x10,x11,x12,x13,x14,x15,x16,x17,x18,x19,x20,x21,x22,x23,x24,x25,x26,x27,x28,x29,x30,x31,x32,x33,x34,x35,x36,x37,x38,x39,x40,x41,x42,x43,x44,x45,x46,x47,x48,x49,x50,x51,x52,x53,x54,x55,x56,x57,x58,x59,x60,x61,x62,x63,x64,x65,x66,x67,x68,x69,x70,x71,x72,x73,x74,x75,x76,x77,x78,x79,x80,x81,x82,x83,x84,x85,x86,x87,x88,x89,x90,x91,x92,x93,x94,x95,x96,x97,x98,x99,x100,y
0.28648,0.89593,0.80969,0.87827,0.64812,0.47133,0.5105,0.40881,0.76693,0.21575,0.44495,0.6072,0.57433,0.76626,0.67568,0.97218,0.35291,0.79898,0.64758,0.29219,0.22515,0.50736,0.95121,0.80162,0.94811,0.42564,0.29729,0.81391,0.65313,0.15591,0.39928,0.47136,0.63769,0.49293,0.45721,0.6891,0.59835,0.13117,0.63455,0.80785,0.50284,0.99571,0.27694,0.25084,0.67153,0.05821,0.12307,0.76618,0.6469,0.26582,0.84917,0.7507,0.37016,0.46942,0.3792,0.59141,0.47331,0.22811,0.20043,0.82823,0.75154,0.37711,0.057362,0.28353,0.92722,0.23205,0.54356,0.93392,0.57205,0.52472,0.86722,0.68647,0.58096,0.24894,0.86779,0.89003,0.9998,0.6437,0.56473,0.52183,0.70593,0.39942,0.38776,0.3978,0.55166,0.43274,0.34201,0.94869,0.57765,0.64418,0.87207,0.94774,0.99714,0.26502,0.97777,0.6319,0.8977,0.39686,0.53171,0.93642,27.47
0.32532,0.53193,0.078743,0.66625,0.38823,0.62899,0.53515,0.30681,0.897,0.42708,0.020121,0.93975,0.27973,0.24933,0.84403,0.72708,0.065012,0.64436,0.87213,0.33806,0.82285,0.63223,0.77288,0.70219,0.32127,0.12733,0.73127,0.42271,0.074262,0.21021,0.57001,0.077636,0.043389,0.49469,0.41627,0.61401,0.20006,0.90309,0.87045,0.27897,0.9842,0.47387,0.60534,0.19223,0.68539,0.81168,0.43346,0.58652,0.86354,0.4276,0.724,0.034823,0.60337,0.39424,0.74703,0.70735,0.64588,0.14447,0.91781,0.34604,0.88993,0.12733,0.7696,0.47563,0.7864,0.5798,0.76283,0.44272,0.84561,0.87882,0.86319,0.77345,0.45834,0.15998,0.10269,0.20945,0.83111,0.88702,0.39289,0.44025,0.77304,0.10119,0.035652,0.57476,0.61951,0.0088443,0.40373,0.3866,0.29009,0.30921,0.31868,0.3337,0.2312,0.91655,0.16928,0.87464,0.90954,0.63294,0.12104,0.39628,21.392
0.93015,0.028085,0.012064,0.85262,0.55425,0.21705,0.83138,0.12825,0.1327,0.94282,0.39584,0.57725,0.20836,0.41152,0.20229,0.60395,0.69794,0.34,0.91778,0.74534,0.92791,0.29169,0.13664,0.75305,0.56141,0.95608,0.76195,0.070146,0.68946,0.21097,0.3075,0.57412,0.74471,0.48061,0.78318,0.37238,0.52669,0.33023,0.83495,0.57562,0.60628,0.93974,0.72809,0.34143,0.62402,0.74104,0.49522,0.89122,0.98695,0.39612,0.11528,0.20017,0.73215,0.68016,0.79207,0.91492,0.35478,0.99102,0.74012,0.017908,0.79112,0.90307,0.75163,0.45929,0.67977,0.38134,0.19089,0.0632,0.94382,0.78832,0.24354,0.65079,0.69567,0.14723,0.9179,0.73582,0.93009,0.96602,0.1328,0.56453,0.52031,0.80241,0.29411,0.58195,0.42712,0.95298,0.93489,0.80562,0.3273,0.33489,0.89322,0.22052,0.80507,0.51514,0.23926,0.075147,0.93928,0.14921,0.92512,0.62387,27.409
0.50167,0.026921,0.37751,0.18617,0.047276,0.92279,0.63676,0.63542,0.15857,0.32636,0.17887,0.1323,0.77882,0.012237,0.49196,0.8945,0.37219,0.32707,0.79901,0.43528,0.39172,0.041683,0.50267,0.86691,0.20578,0.6852,0.72017,0.91863,0.38381,0.3764,0.85451,0.88314,0.075199,0.84266,0.30605,0.90553,0.7889,0.092761,0.7741,0.12388,0.003472,0.96167,0.072415,0.22525,0.83182,0.38844,0.92826,0.80639,0.95255,0.54977,0.22956,0.21062,0.21243,0.72669,0.38745,0.85774,0.82986,0.69974,0.51846,0.82521,0.12123,0.88313,0.27889,0.56491,0.45637,0.83699,0.5794,0.085683,0.4343,0.29994,0.28294,0.41661,0.82877,0.43318,0.27547,0.12808,0.32628,0.44672,0.67722,0.69154,0.27179,0.25344,0.025891,0.90779,0.68025,0.92173,0.82877,0.44213,0.79938,0.81954,0.81993,0.32786,0.20987,0.36781,0.23182,0.16918,0.60293,0.039099,0.53155,0.69605,20.025
0.21729,0.12234,0.060263,0.38617,0.94925,0.65405,0.10899,0.41123,0.16765,0.70665,0.28885,0.16514,0.13789,0.60599,0.71356,0.3794,0.13134,0.83452,0.95816,0.7954,0.34482,0.5234,0.46997,0.47175,0.91957,0.31261,0.38792,0.53614,0.52148,0.065241,0.35968,0.87654,0.59273,0.15215,0.88596,0.37756,0.95129,0.39037,0.0095672,0.68836,0.15091,0.1055,0.62994,0.63782,0.49938,0.49726,0.30966,0.31614,0.73483,0.17586,0.71948,0.8642,0.90718,0.46506,0.26961,0.13117,0.47727,0.41908,0.63794,0.18608,0.017054,0.23179,0.2423,0.41709,0.19866,0.60957,0.62483,0.39411,0.42003,0.066182,0.33507,0.66033,0.90642,0.70423,0.50967,0.33634,0.14321,0.046285,0.54983,0.058944,0.7814,0.49008,0.36396,0.41784,0.30177,0.080155,0.74246,0.036913,0.53896,0.43833,0.32184,0.57328,0.095252,0.43198,0.078685,0.43965,0.21455,0.85982,0.83851,0.78669,20.045
0.35693,0.041774,0.43499,0.96601,0.48666,0.83269,0.35603,0.33111,0.95329,0.91299,0.67746,0.85426,0.81837,0.24855,0.0184,0.3232,0.59297,0.34586,0.37187,0.37071,0.09575,0.083988,0.52787,0.76102,0.28051,0.40578,0.088985,0.11015,0.019462,0.16641,0.48015,0.46359,0.29382,0.25625,0.63344,0.43266,0.22838,0.11901,0.42323,0.89392,0.74518,0.78322,0.20367,0.47175,0.80905,0.89479,0.30174,0.27411,0.69365,0.84156,0.53141,0.087832,0.4238,0.016999,0.7679,0.27378,0.037076,0.74729,0.41679,0.24057,0.94805,0.35364,0.93052,0.32386,0.49295,0.67071,0.50243,0.93594,0.91868,0.95238,0.060023,0.96541,0.32896,0.16489,0.75004,0.64548,0.68974,0.29868,0.55439,0.27474,0.60265,0.98514,0.7949,0.59481,0.057314,0.33266,0.86903,0.58097,0.29538,0.76883,0.83207,0.3731,0.085476,0.22243,0.029835,0.71246,0.12043,0.80144,0.34562,0.6502,21.178
0.53769,0.45886,0.54619,0.55391,0.3091,0.48502,0.80127,0.59836,0.28363,0.068435,0.68803,0.79234,0.74755,0.093921,0.47206,0.079652,0.24918,0.31774,0.72081,0.11136,0.63813,0.25719,0.0084032,0.0054491,0.26751,0.21812,0.71526,0.67976,0.99427,0.32295,0.15819,0.86543,0.91276,0.71615,0.60475,0.87097,0.24633,0.89059,0.085669,0.20963,0.82503,0.23869,0.11067,0.89429,0.53404,0.99934,0.94606,0.67863,0.95239,0.14481,0.44565,0.71109,0.26597,0.39492,0.29662,0.59755,0.44963,0.68196,0.77587,0.14276,0.82921,0.037702,0.16969,0.19046,0.2338,0.48159,0.87242,0.25532,0.39678,0.88294,0.52636,0.4009,0.70537,0.073626,0.12619,0.38533,0.95187,0.081735,0.77004,0.83176,0.11649,0.34424,0.82932,0.51033,0.90224,0.83449,0.85022,0.51572,0.17643,0.46936,0.60118,0.1335,0.83473,0.89316,0.63388,0.56327,0.057263,0.012704,0.27737,0.69881,24.691
0.67152,0.92929,0.018479,0.87215,0.37487,0.41526,0.81408,0.38362,0.8301,0.89843,0.52211,0.56091,0.47262,0.31756,0.018155,0.096844,0.79806,0.81525,0.68387,0.98162,0.061909,0.97497,0.41707,0.37418,0.35214,0.67283,0.30158,0.20352,0.89805,0.80469,0.44353,0.89022,0.1932,0.68328,0.8455,0.5468,0.85903,0.080473,0.43318,0.31877,0.11911,0.16361,0.84129,0.90124,0.46529,0.61159,0.80272,0.19256,0.5021,0.9585,0.33954,0.34761,0.71804,0.3619,0.033731,0.57781,0.92697,0.64819,0.80257,0.50478,0.17309,0.07326,0.6077,0.24432,0.29721,0.91587,0.89765,0.73903,0.068869,0.82981,0.66989,0.82215,0.063951,0.76658,0.51071,0.22529,0.97694,0.63924,0.076607,0.93644,0.82936,0.041464,0.09467,0.50074,0.9513,0.93981,0.1335,0.96215,0.22103,0.60032,0.4478,0.39721,0.77322,0.018373,0.63817,0.36706,0.72884,0.73831,0.74761,0.30651,21.695
0.41243,0.26272,0.62719,0.58527,0.74543,0.57067,0.67245,0.79651,0.6845,0.47676,0.45174,0.35376,0.14736,0.62134,0.8262,0.32506,0.15881,0.82165,0.6568,0.55603,0.99258,0.40645,0.24754,0.38282,0.11477,0.75952,0.98661,0.50268,0.53938,0.011801,0.34638,0.29911,0.31112,0.67796,0.46695,0.41098,0.13277,0.75302,0.42431,0.74162,0.55029,0.074958,0.54824,0.69533,0.80853,0.33979,0.53217,0.83162,0.597,0.95487,0.029405,0.13825,0.20404,0.74851,0.22649,0.2093,0.94919,0.069256,0.33399,0.93176,0.2082,0.29086,0.39043,0.53059,0.43077,0.26682,0.12685,0.0047312,0.51689,0.48491,0.3183,0.38669,0.15285,0.4908,0.51616,0.72248,0.053199,0.46417,0.18628,0.27903,0.087765,0.76017,0.66249,0.37368,0.37732,0.13914,0.75117,0.20486,0.64152,0.52999,0.98748,0.1726,0.93733,0.87843,0.99221,0.80179,0.83658,0.67546,0.24718,0.32744,24.023
0.36413,0.33067,0.32354,0.57584,0.84735,0.58789,0.076662,0.88243,0.30126,0.31242,0.86348,0.85367,0.28564,0.068816,0.33888,0.15986,0.74572,0.48768,0.29702,0.6573,0.53788,0.61613,0.43862,0.3315,0.77228,0.53136,0.1694,0.23831,0.27684,0.65542,0.91827,0.29892,0.34407,0.34795,0.2887,0.39278,0.36339,0.877,0.69615,0.86031,0.40397,0.6601,0.3924,0.81984,0.30981,0.19771,0.44571,0.55842,0.77199,0.21359,0.53293,0.49537,0.40906,0.78673,0.80496,0.13627,0.66051,0.41292,0.53281,0.58321,0.50182,0.37232,0.1684,0.053169,0.48505,0.42029,0.87773,0.30087,0.64358,0.84507,0.088264,0.14159,0.93426,0.80075,0.53192,0.37086,0.24712,0.54957,0.86277,0.52359,0.74317,0.98985,0.84608,0.28693,0.83701,0.80334,0.45685,0.89589,0.6897,0.27774,0.28133,0.68582,0.30896,0.80941,0.65351,0.37521,0.51278,0.54018,0.051907,0.096803,19.862
0.16198,0.25218,0.857,0.8218,0.35376,0.46161,0.10418,0.63399,0.20639,0.72972,0.32291,0.78528,0.39569,0.65235,0.55102,0.73386,0.87875,0.51472,0.7902,0.24232,0.45159,0.76852,0.82909,0.48578,0.2441,0.50558,0.052107,0.81363,0.53471,0.14939,0.51808,0.91877,0.38595,0.58955,0.98916,0.039041,0.16342,0.29822,0.47035,0.73183,0.32092,0.14375,0.47043,0.44079,0.071244,0.81681,0.2939,0.22315,0.39192,0.46821,0.23582,0.31549,0.93043,0.62962,0.63273,0.58483,0.40182,0.23351,0.20981,0.75923,0.80654,0.5192,0.62917,0.32349,0.060303,0.77763,0.65176,0.33035,0.60419,0.69627,0.31873,0.68787,0.80814,0.96913,0.18149,0.45594,0.34656,0.39953,0.047298,0.36594,0.97576,0.68341,0.1041,0.76717,0.02275,0.35569,0.79374,0.90613,0.084399,0.13548,0.64829,0.18696,0.20108,0.69656,0.5489,0.50355,0.9058,0.28138,0.62934,0.35404,18.751
0.18902,0.74792,0.70409,0.80678,0.18617,0.17737,0.019733,0.71498,0.088148,0.014086,0.8153,0.37023,0.0087607,0.026169,0.42302,0.54947,0.68158,0.629,0.86791,0.43422,0.80423,0.9817,0.17623,0.50124,0.8003,0.92515,0.22403,0.53874,0.97625,0.089692,0.22934,0.79207,0.85013,0.61425,0.72797,0.77208,0.63081,0.97214,0.078072,0.63895,0.097087,0.06619,0.1381,0.13881,0.26058,0.97637,0.78399,0.42393,0.91676,0.052371,0.30581,0.47766,0.34947,0.074646,0.56088,0.9686,0.10769,0.93824,0.56741,0.44096,0.2063,0.21521,0.82924,0.13643,0.38788,0.8586,0.98522,0.087044,0.47157,0.44651,0.54962,0.41813,0.89543,0.30523,0.6059,0.75766,0.094261,0.24064,0.81858,0.90096,0.10565,0.98259,0.59244,0.29507,0.45235,0.53846,0.29572,0.11685,0.032691,0.0069075,0.80526,0.83222,0.55144,0.031725,0.64768,0.045382,0.8637,0.23138,0.98704,0.23933,20.777
0.36023,0.32708,0.78607,0.33577,0.56998,0.4052,0.69498,0.38622,0.96655,0.11511,0.1893,0.59548,0.41216,0.60693,0.393,0.61467,0.3107,0.81421,0.99693,0.11774,0.015857,0.019794,0.45758,0.24545,0.44989,0.075742,0.42615,0.50167,0.52996,0.32708,0.41098,0.32112,0.77057,0.19436,0.48017,0.36454,0.52745,0.8978,0.77852,0.86627,0.74281,0.1613,0.73344,0.033579,0.8738,0.68883,0.59474,0.12798,0.63718,0.80402,0.10658,0.93479,0.49072,0.19465,0.30567,0.44163,0.90541,0.27584,0.0035783,0.13283,0.09735,0.055886,0.24551,0.55945,0.34802,0.43421,0.80714,0.018043,0.46336,0.30869,0.25625,0.10171,0.49262,0.25336,0.080976,0.57835,0.79458,0.43683,0.2279,0.88196,0.26525,0.52939,0.40336,0.81453,0.13455,0.99085,0.059144,0.031247,0.026843,0.012736,0.28457,0.74277,0.41216,0.48345,0.2639,0.054346,0.083705,0.7988,0.76649,0.42635,19.013
0.83282,0.49487,0.25839,0.98631,0.13321,0.8419,0.085316,0.056007,0.70551,0.1164,0.38243,0.051105,0.45414,0.43599,0.31947,0.69264,0.38634,0.80561,0.77681,0.28855,0.75704,0.75879,0.7074,0.066522,0.78523,0.044291,0.79501,0.68827,0.90615,0.92511,0.26184,0.93377,0.21892,0.34928,0.32756,0.17546,0.81983,0.83268,0.65141,0.52564,0.86723,0.79387,0.86344,0.1763,0.28549,0.35916,0.28112,0.56838,0.39255,0.20839,0.64627,0.057509,0.10932,0.65715,0.82662,0.49255,0.98229,0.60689,0.85835,0.33376,0.50342,0.97256,0.30597,0.5471,0.22103,0.16937,0.38881,0.46919,0.87501,0.48766,0.33187,0.89275,0.020427,0.5366,0.10869,0.32015,0.18482,0.87146,0.84038,0.4421,0.4442,0.2227,0.56468,0.79916,0.55881,0.56946,0.070831,0.992,0.37399,0.7782,0.45979,0.42675,0.89029,0.87442,0.31725,0.81061,0.57452,0.11596,0.090732,0.64435,18.898
0.12447,0.57877,0.53075,0.95433,0.40533,0.55087,0.52938,0.15861,0.55673,0.67543,0.40583,0.33504,0.84971,0.60897,0.16016,0.00048852,0.64639,0.55056,0.22258,0.19719,0.33332,0.99387,0.49639,0.49688,0.045329,0.82512,0.74428,0.56437,0.53119,0.7832,0.21626,0.072318,0.30699,0.28954,0.73616,0.53438,0.73115,0.23981,0.022218,0.70574,0.86792,0.95278,0.63815,0.31412,0.053016,0.87791,0.19411,0.37465,0.2641,0.86386,0.12573,0.49723,0.25209,0.81863,0.24519,0.73598,0.99083,0.6739,0.46601,0.43396,0.14563,0.67946,0.47202,0.21053,0.24814,0.60481,0.3645,0.17388,0.36614,0.28012,0.62372,0.1648,0.81535,0.13472,0.37786,0.4269,0.44026,0.95944,0.74654,0.98732,0.59795,0.32144,0.65056,0.28586,0.67336,0.10671,0.80745,0.53645,0.83698,0.73368,0.70299,0.6154,0.24519,0.12846,0.98082,0.4645,0.026522,0.90886,0.57716,0.84823,23.716
0.76532,0.58933,0.8187,0.7179,0.86898,0.35171,0.2467,0.61581,0.66855,0.09518,0.31299,0.68175,0.84268,0.36045,0.64449,0.78032,0.34429,0.34593,0.53463,0.39173,0.17767,0.62853,0.40977,0.52349,0.57352,0.26603,0.26553,0.60047,0.10113,0.84073,0.50694,0.092651,0.60685,0.041207,0.76302,0.50029,0.010714,0.92788,0.1006,0.4877,0.72372,0.67195,0.064059,0.11309,0.86826,0.80562,0.088429,0.63023,0.77601,0.99578,0.06513,0.046261,0.27473,0.20614,0.59931,0.37311,0.68699,0.017331,0.27194,0.38185,0.085323,0.48481,0.66903,0.80124,0.97094,0.22307,0.78432,0.91038,0.88067,0.84266,0.3091,0.38202,0.64803,0.70005,0.51449,0.56222,0.82718,0.94953,0.57123,0.071591,0.099613,0.54769,0.91948,0.8058,0.5821,0.098137,0.371,0.831,0.05731,0.71963,0.41752,0.99713,0.16901,0.85017,0.70354,0.26593,0.19447,0.76231,0.22332,0.78898,22.491
0.66285,0.99272,0.97433,0.61632,0.075609,0.77044,0.13591,0.89268,0.52633,0.45629,0.53545,0.46333,0.22148,0.72553,0.5966,0.99655,0.53802,0.24842,0.060739,0.6377,0.45795,0.80534,0.70747,0.85308,0.61335,0.11682,0.36152,0.047752,0.78736,0.36672,0.96706,0.43847,0.20674,0.227,0.75441,0.78036,0.2012,0.75859,0.46654,0.71942,0.61849,0.79503,0.046595,0.32348,0.54642,0.47338,0.095818,0.66891,0.7476,0.087169,0.32391,0.47192,0.021267,0.79522,0.64141,0.70951,0.43932,0.29975,0.34416,0.084219,0.7129,0.020399,0.62677,0.57945,0.42662,0.3086,0.37268,0.79278,0.060965,0.11324,0.15617,0.19449,0.28019,0.77198,0.534,0.32321,0.43308,0.53729,0.19722,0.94164,0.22641,0.64331,0.56457,0.49627,0.60557,0.69342,0.88844,0.98566,0.9067,0.3511,0.044431,0.048406,0.49291,0.78116,0.026014,0.72641,0.34437,0.46934,0.70333,0.8666,21.844
0.051188,0.076467,0.88457,0.40827,0.29022,0.91754,0.87856,0.473,0.88118,0.14842,0.30281,0.67303,0.80664,0.39922,0.91043,0.08677,0.17142,0.54748,0.81183,0.47523,0.15436,0.56078,0.50109,0.081048,0.42726,0.6547,0.49151,0.01802,0.28298,0.58763,0.92084,0.10367,0.98099,0.14071,0.95767,0.42254,0.7088,0.74003,0.68279,0.3507,0.54278,0.19266,0.68929,0.012628,0.33158,0.94927,0.61242,0.90009,0.60086,0.18519,0.17958,0.10885,0.4515,0.90123,0.11238,0.72923,0.9536,0.88146,0.26037,0.42073,0.67147,0.91647,0.75391,0.16925,0.42926,0.87006,0.68723,0.54774,0.13899,0.9543,0.47572,0.71782,0.57065,0.85323,0.53566,0.66242,0.13444,0.19203,0.1107,0.33726,0.27891,0.79619,0.29239,0.61592,0.31716,0.89322,0.82371,0.2008,0.7184,0.57899,0.70554,0.96801,0.53302,0.16761,0.7129,0.52134,0.16453,0.95652,0.84393,0.66912,24.383
0.15094,0.74498,0.64713,0.23308,0.95856,0.40877,0.61231,0.4043,0.51156,0.9079,0.77884,0.040719,0.65357,0.83803,0.10583,0.93519,0.46974,0.34641,0.95842,0.86415,0.98797,0.28721,0.058305,0.95279,0.43543,0.28877,0.70372,0.019716,0.86049,0.37298,0.68367,0.59558,0.88784,0.35502,0.04764,0.27415,0.70129,0.22027,0.90528,0.7036,0.74908,0.15456,0.91613,0.97238,0.09639,0.1012,0.53737,0.98567,0.36283,0.060981,0.53523,0.52734,0.36598,0.82392,0.049397,0.83994,0.68556,0.28932,0.82795,0.40343,0.80526,0.86668,0.30611,0.57602,0.25211,0.032697,0.88902,0.49632,0.083648,0.97289,0.55261,0.41272,0.52985,0.66344,0.60069,0.7082,0.039974,0.83546,0.8498,0.61313,0.40247,0.54588,0.11076,0.64212,0.33591,0.57189,0.53367,0.60789,0.75502,0.9571,0.23817,0.26305,0.037339,0.78449,0.015826,0.60982,0.74699,0.16213,0.80634,0.35542,23.501
0.026407,0.55689,0.75376,0.13287,0.45106,0.97197,0.50073,0.73303,0.90905,0.52962,0.26127,0.36319,0.54739,0.74223,0.60493,0.10346,0.88287,0.86757,0.18723,0.918,0.88804,0.97643,0.92803,0.48356,0.0016184,0.66145,0.2559,0.23105,0.14276,0.029927,0.052704,0.7118,0.38132,0.47239,0.79251,0.25183,0.33445,0.89391,0.84141,0.68011,0.42415,0.26786,0.65619,0.4769,0.96908,0.69922,0.0706,0.21919,0.73886,0.58224,0.50423,0.51005,0.10074,0.54666,0.76011,0.17316,0.5646,0.62941,0.3925,0.41896,0.67597,0.24084,0.62606,0.13857,0.74356,0.69614,0.13875,0.17159,0.36592,0.15416,0.24987,0.94417,0.2401,0.44292,0.28048,0.42511,0.77633,0.57245,0.9662,0.11217,0.37943,0.69624,0.64388,0.1288,0.51226,0.92899,0.37943,0.059377,0.39302,0.57678,0.14471,0.66023,0.47545,0.51977,0.60503,0.76977,0.90881,0.60555,0.76497,0.094044,25.21
0.3844,0.46821,0.50929,0.34447,0.76715,0.20758,0.22521,0.21769,0.041376,0.25774,0.8716,0.38489,0.89772,0.1083,0.85186,0.53779,0.013732,0.10842,0.58787,0.2103,0.29243,0.88894,0.14107,0.61371,0.089671,0.29935,0.32365,0.55619,0.19347,0.81256,0.50509,0.54849,0.85576,0.8588,0.19352,0.82986,0.96313,0.94112,0.67193,0.36433,0.25679,0.57651,0.010275,0.63298,0.71148,0.20917,0.31212,0.34907,0.98905,0.10101,0.73316,0.8775,0.74989,0.38066,0.24107,0.92249,0.19317,0.29944,0.50511,0.24376,0.46486,0.24509,0.89231,0.29936,0.33055,0.5289,0.21533,0.14529,0.26946,0.38439,0.37677,0.26273,0.67878,0.77623,0.30176,0.072384,0.15064,0.81237,0.22829,0.91604,0.057906,0.7692,0.63548,0.60112,0.053141,0.21761,0.39169,0.46875,0.16756,0.22754,0.29171,0.52225,0.73743,0.77698,0.86507,0.22052,0.48464,0.72156,0.5744,0.65927,20.907
0.40303,0.044246,0.36211,0.37278,0.72426,0.24918,0.028745,0.16129,0.78287,0.37327,0.73369,0.48652,0.081159,0.69843,0.88696,0.34053,0.85629,0.41487,0.11735,0.15738,0.054782,0.64284,0.17483,0.99978,0.79459,0.19458,0.96681,0.84914,0.2585,0.087317,0.68692,0.30388,0.1056,0.95737,0.85852,0.088264,0.59204,0.38762,0.30112,0.67139,0.54272,0.79813,0.24018,0.71033,0.5244,0.97047,0.14517,0.95605,0.74718,0.20102,0.45531,0.56749,0.35428,0.75389,0.37075,0.56433,0.25764,0.77052,0.53615,0.28324,0.43292,0.11112,0.82655,0.0019616,0.84234,0.0673,0.48353,0.02283,0.41545,0.40921,0.87737,0.909,0.43797,0.91555,0.39101,0.48714,0.44868,0.48313,0.87847,0.73131,0.36358,0.84685,0.79714,0.27815,0.78086,0.13674,0.68166,0.83175,0.73039,0.087222,0.096313,0.90321,0.40982,0.56489,0.83992,0.69673,0.65355,0.34049,0.59716,0.84078,23.43
0.23581,0.7601,0.14162,0.99794,0.49755,0.73443,0.11107,0.95582,0.98053,0.29738,0.046156,0.3127,0.053872,0.24239,0.88713,0.99773,0.49835,0.75952,0.14071,0.17771,0.49935,0.38388,0.69132,0.25533,0.9488,0.61808,0.6559,0.5458,0.62684,0.96114,0.60768,0.95399,0.86875,0.18819,0.060505,0.59384,0.55324,0.019813,0.20774,0.39802,0.97456,0.62726,0.82356,0.42277,0.61942,0.30761,0.24452,0.39021,0.64649,0.47755,0.62852,0.87275,0.80537,0.78984,0.94132,0.70621,0.27777,0.61166,0.54109,0.91251,0.96534,0.80232,0.82426,0.66087,0.86423,0.75025,0.19847,0.37803,0.017131,0.23223,0.98083,0.65209,0.43487,0.71292,0.16921,0.0079818,0.28795,0.30346,0.45063,0.66801,0.70469,0.71971,0.40285,0.027532,0.46004,0.91261,0.091751,0.57406,0.55427,0.59381,0.62741,0.069326,0.39373,0.63859,0.47926,0.74842,0.83593,0.51834,0.055283,0.69867,18.9
0.44624,0.52412,0.28174,0.18247,0.38396,0.21183,0.2009,0.085709,0.59519,0.40163,0.48214,0.89337,0.77967,0.85388,0.73751,0.25576,0.016872,0.45866,0.63589,0.72678,0.46812,0.63345,0.94705,0.67638,0.56574,0.24579,0.072015,0.034816,0.068388,0.43276,0.24604,0.37256,0.93693,0.47716,0.67388,0.95819,0.018083,0.19139,0.19738,0.3873,0.31129,0.34096,0.090122,0.71072,0.37667,0.56284,0.94671,0.38119,0.4145,0.08145,0.23176,0.95903,0.11459,0.93648,0.76433,0.27074,0.03726,0.51969,0.60201,0.44692,0.0061669,0.81111,0.86714,0.88158,0.88064,0.72524,0.9685,0.27743,0.90303,0.7524,0.60728,0.539,0.55805,0.14672,0.63373,0.74254,0.49039,0.19416,0.32529,0.19508,0.676,0.38058,0.82714,0.23782,0.17475,0.0084758,0.89532,0.58781,0.72865,0.14772,0.33086,0.57123,0.96319,0.14811,0.86907,0.5933,0.6053,0.6554,0.070126,0.7734,20.392
0.10345,0.93362,0.92934,0.8426,0.20544,0.24865,0.84679,0.83541,0.61481,0.59853,0.68765,0.79407,0.89007,0.89814,0.68401,0.58103,0.24323,0.61682,0.098217,0.47734,0.68806,0.61583,0.47264,0.25875,0.12503,0.23548,0.34712,0.84176,0.84298,0.28777,0.22032,0.041417,0.93938,0.47035,0.6544,0.7121,0.67022,0.30541,0.48538,0.20705,0.57162,0.012404,0.99548,0.89013,0.86879,0.11355,0.87069,0.20738,0.54905,0.73378,0.61561,0.65606,0.10647,0.33079,0.33307,0.46686,0.1936,0.49959,0.010623,0.97176,0.10059,0.66911,0.59228,0.44924,0.24169,0.14201,0.78261,0.76209,0.51668,0.3245,0.23546,0.53946,0.85696,0.2267,0.8247,0.83547,0.98684,0.82467,0.36771,0.69526,0.80597,0.18263,0.33804,0.34585,0.48384,0.5922,0.80563,0.61036,0.57115,0.50971,0.052682,0.73807,0.4318,0.57085,0.42886,0.90338,0.36373,0.12526,0.080577,0.68617,24.891
0.56694,0.67844,0.18163,0.78338,0.74249,0.86768,0.044776,0.71795,0.91607,0.53146,0.88985,0.49341,0.55947,0.53667,0.16438,0.91875,0.078379,0.94797,0.20882,0.67723,0.96664,0.012891,0.46087,0.37072,0.23393,0.81208,0.34769,0.9259,0.74626,0.96721,0.32122,0.67904,0.76216,0.24873,0.66654,0.5912,0.23246,0.12,0.5574,0.60254,0.38363,0.98886,0.11774,0.94906,0.77607,0.71922,0.17787,0.055229,0.28675,0.09151,0.14361,0.76565,0.37282,0.10364,0.12376,0.19805,0.86784,0.58136,0.21926,0.19679,0.50991,0.85382,0.42254,0.1564,0.73159,0.72759,0.097661,0.78043,0.37527,0.29519,0.26282,0.92021,0.12143,0.37914,0.33694,0.94902,0.8274,0.62847,0.63117,0.35266,0.47406,0.60977,0.19218,0.89477,0.85583,0.17454,0.9399,0.19405,0.43768,0.7047,0.62683,0.15256,0.89752,0.82883,0.54026,0.93665,0.30311,0.66043,0.88331,0.88364,19.706
0.8513,0.45902,0.87914,0.86187,0.90745,0.21196,0.25649,0.92307,0.24429,0.79719,0.63038,0.24126,0.38966,0.76585,0.54912,0.76122,0.87562,0.14399,0.70773,0.79985,0.62426,0.92647,0.51719,0.080175,0.45301,0.94226,0.87759,0.96272,0.43527,0.37311,0.90471,0.77093,0.070541,0.51432,0.86976,0.81629,0.065021,0.355,0.93748,0.54812,0.8637,0.71787,0.86414,0.18836,0.017119,0.92918,0.38299,0.6577,0.63559,0.55352,0.5596,0.58623,0.66947,0.7566,0.7805,0.52414,0.61071,0.52987,0.99337,0.07999,0.85236,0.20302,0.21894,0.73035,0.53928,0.32179,0.41268,0.8422,0.77541,0.56503,0.35278,0.073811,0.88149,0.24193,0.91477,0.45142,0.17158,0.98053,0.31168,0.49754,0.1185,0.62748,0.83172,0.26491,0.28802,0.21777,0.06519,0.39574,0.22232,0.62984,0.23738,0.17917,0.56097,0.82462,0.52427,0.62237,0.4508,0.9456,0.14061,0.18807,22.094
0.24258,0.84703,0.18105,0.44125,0.7871,0.17391,0.52264,0.37694,0.66825,0.16425,0.055077,0.92464,0.02386,0.43191,0.69772,0.84419,0.93481,0.8561,0.27959,0.11665,0.49828,0.6229,0.485,0.71827,0.5817,0.38559,0.83388,0.031708,0.57724,0.56585,0.98663,0.66611,0.82423,0.30859,0.93855,0.1453,0.73812,0.79387,0.399,0.48281,0.74263,0.0012535,0.89104,0.2172,0.24828,0.20012,0.7605,0.18109,0.29579,0.81153,0.52103,0.94407,0.43398,0.35062,0.15438,0.35178,0.76393,0.55347,0.90944,0.41863,0.37878,0.3284,0.9243,0.35432,0.97762,0.87428,0.022607,0.91926,0.088072,0.41396,0.75399,0.036646,0.61773,0.55179,0.53851,0.98798,0.60503,0.49445,0.59569,0.63819,0.013705,0.19287,0.60651,0.57775,0.34125,0.56725,0.49391,0.74894,0.40716,0.40516,0.39801,0.36959,0.018996,0.20713,0.21113,0.46086,0.31418,0.37016,0.52492,0.25462,25.737
0.55541,0.84189,0.21418,0.79455,0.1784,0.30835,0.95896,0.30541,0.82404,0.74856,0.0072341,0.88106,0.021508,0.46589,0.74305,0.25249,0.92788,0.042078,0.27258,0.61676,0.10549,0.82742,0.453,0.33421,0.44041,0.35257,0.0097486,0.10887,0.54556,0.12547,0.66035,0.94355,0.80524,0.743,0.64664,0.88345,0.75693,0.050938,0.076486,0.68212,0.76069,0.080925,0.52014,0.13213,0.56911,0.65839,0.55997,0.80479,0.62537,0.53276,0.51512,0.6445,0.94932,0.68829,0.59928,0.028284,0.25552,0.4372,0.62756,0.22544,0.80669,0.13209,0.062546,0.96606,0.50491,0.58128,0.56297,0.2228,0.57114,0.97309,0.69637,0.4634,0.94053,0.70113,0.53456,0.74811,0.37465,0.8349,0.47223,0.44106,0.62547,0.46114,0.81103,0.33139,0.61778,0.75375,0.0054439,0.38887,0.57809,0.71431,0.10667,0.12692,0.57839,0.95645,0.06264,0.1422,0.98948,0.36543,0.83452,0.86025,20.527
0.5612,0.74924,0.36886,0.83751,0.0095752,0.75748,0.9909,0.42114,0.79335,0.87198,0.85386,0.43484,0.74217,0.93393,0.46171,0.93479,0.53413,0.18207,0.74241,0.26138,0.8341,0.1004,0.98293,0.018266,0.26282,0.49396,0.30232,0.51797,0.57482,0.5997,0.94177,0.99877,0.31353,0.21718,0.34142,0.032235,0.70315,0.23202,0.30015,0.55544,0.76065,0.47375,0.14958,0.87713,0.92551,0.70016,0.4527,0.71678,0.43839,0.4851,0.73317,0.52744,0.72749,0.10311,0.022068,0.23374,0.92336,0.004125,0.67684,0.031513,0.029341,0.56067,0.10667,0.28433,0.53302,0.93957,0.48406,0.43352,0.40033,0.78537,0.47541,0.15562,0.47758,0.72654,0.8331,0.054556,0.84529,0.41263,0.63384,0.9713,0.81873,0.60104,0.54345,0.46676,0.93942,0.42073,0.082533,0.14551,0.82743,0.30683,0.28758,0.72943,0.78437,0.33892,0.22148,0.21087,0.42835,0.28322,0.33776,0.21712,22.388
0.4075,0.26564,0.06484,0.71152,0.90298,0.55306,0.14655,0.55084,0.072909,0.43286,0.90937,0.7904,0.2,0.76873,0.64964,0.41854,0.9431,0.13499,0.52189,0.16451,0.33117,0.47868,0.89821,0.26213,0.72995,0.59747,0.82444,0.93475,0.91611,0.88836,0.96634,0.34525,0.91145,0.99509,0.075881,0.56271,0.52555,0.00065314,0.58324,0.0055772,0.78879,0.51588,0.17588,0.25715,0.41269,0.15744,0.093328,0.59395,0.27406,0.47562,0.88198,0.67413,0.57226,0.39285,0.50127,0.40443,0.52961,0.76806,0.67193,0.039955,0.88244,0.9626,0.31861,0.56638,0.49176,0.087653,0.8839,0.059909,0.43424,0.84755,0.49739,0.31222,0.25853,0.90524,0.75067,0.43188,0.14298,0.10965,0.084119,0.88679,0.50191,0.51486,0.06669,0.94962,0.22625,0.37307,0.87852,0.25843,0.13053,0.91607,0.61578,0.52688,0.35409,0.37954,0.23597,0.45112,0.30049,0.052397,0.042287,0.85385,22.951
0.18867,0.38004,0.51186,0.65201,0.56759,0.8836,0.77494,0.36094,0.54857,0.22519,0.19832,0.37481,0.79243,0.38296,0.064825,0.49572,0.59434,0.79597,0.85547,0.44096,0.03551,0.8173,0.25218,0.92846,0.25244,0.5331,0.84072,0.97808,0.74115,0.19417,0.054526,0.53961,0.53427,0.40195,0.86773,0.90906,0.89898,0.97185,0.46755,0.55111,0.28559,0.96356,0.051282,0.61176,0.76263,0.3599,0.59672,0.45416,0.12962,0.89777,0.66083,0.97413,0.72151,0.47937,0.63753,0.29004,0.62849,0.81713,0.51079,0.24653,0.18246,0.24703,0.1294,0.34713,0.30699,0.27872,0.41015,0.53705,0.11299,0.86937,0.36684,0.57525,0.95605,0.2013,0.74583,0.50953,0.15005,0.41449,0.29158,0.28123,0.90025,0.59608,0.48681,0.41153,0.75153,0.27056,0.38521,0.87196,0.38826,0.39929,0.48022,0.37755,0.62788,0.75479,0.53629,0.84901,0.37103,0.65181,0.062573,0.021725,21.396
0.67308,0.9884,0.70442,0.22622,0.64107,0.23578,0.5794,0.53852,0.86103,0.39503,0.44839,0.73729,0.12994,0.064628,0.0499,0.3099,0.54098,0.043882,0.68326,0.43851,0.16401,0.26109,0.57287,0.25085,0.25468,0.30337,0.37757,0.21263,0.060793,0.27493,0.52926,0.88976,0.27052,0.55224,0.86803,0.91423,0.19789,0.63127,0.46409,0.45225,0.31377,0.0099379,0.94593,0.83681,0.85839,0.78547,0.70595,0.097922,0.65219,0.48596,0.2413,0.16439,0.041602,0.86614,0.72229,0.908,0.37156,0.89944,0.12247,0.95006,0.99796,0.78457,0.85522,0.68338,0.89038,0.47581,0.92425,0.23633,0.67283,0.16854,0.25337,0.62408,0.073196,0.20689,0.6786,0.23928,0.9132,0.092694,0.60894,0.86831,0.079557,0.23567,0.91895,0.42164,0.52387,0.28445,0.054827,0.65972,0.48815,0.099091,0.60903,0.18411,0.76855,0.29956,0.51792,0.54331,0.77867,0.1378,0.2795,0.38687,22.24
0.34943,0.5358,0.71106,0.45435,0.55,0.13999,0.90959,0.60627,0.57507,0.76449,0.64686,0.7353,0.50257,0.6018,0.30981,0.14785,0.78406,0.71453,0.58323,0.73904,0.32539,0.73143,0.84944,0.69665,0.76869,0.93851,0.94488,0.35998,0.6269,0.26962,0.61596,0.78063,0.21405,0.75731,0.90044,0.46558,0.15705,0.13385,0.096905,0.83782,0.59071,0.57096,0.28402,0.40827,0.56568,0.17308,0.48885,0.23161,0.50575,0.053045,0.46726,0.86786,0.70655,0.33813,0.51049,0.51995,0.91161,0.34716,0.18684,0.85808,0.30788,0.91194,0.28147,0.59877,0.7134,0.50879,0.056716,0.51933,0.26165,0.5764,0.068865,0.56173,0.24779,0.46734,0.036864,0.77448,0.84604,0.53324,0.23864,0.12536,0.33328,0.49969,0.89453,0.55934,0.32426,0.048128,0.36015,0.74217,0.08998,0.28074,0.43121,0.0096859,0.1128,0.49965,0.40509,0.32169,0.65894,0.60843,0.61775,0.14831,22.719
0.78687,0.036216,0.81849,0.067723,0.030912,0.4912,0.44935,0.25928,0.022878,0.54605,0.88432,0.17682,0.09528,0.0083308,0.37226,0.38942,0.96955,0.55526,0.86901,0.91352,0.93793,0.6194,0.89591,0.77123,0.93576,0.34779,0.94426,0.28246,0.89501,0.12386,0.35494,0.66523,0.0093336,0.43776,0.57887,0.58288,0.45152,0.81766,0.96235,0.57032,0.59503,0.33391,0.058578,0.67538,0.71233,0.48687,0.31433,0.45985,0.43046,0.89543,0.92976,0.56465,0.32505,0.69512,0.9944,0.7287,0.70026,0.074414,0.83657,0.17316,0.88379,0.56551,0.42559,0.32628,0.99445,0.32278,0.33233,0.88281,0.88046,0.94108,0.16994,0.88044,0.96507,0.41835,0.24702,0.23836,0.12624,0.46436,0.34002,0.081426,0.078745,0.58825,0.53865,0.063519,0.0080776,0.85218,0.34637,0.041073,0.27336,0.66549,0.32566,0.7209,0.54098,0.28702,0.77751,0.3251,0.3701,0.086773,0.35592,0.30365,22.076
0.53827,0.20584,0.48145,0.4893,0.47138,0.20221,0.65095,0.30123,0.81364,0.52376,0.36448,0.3269,0.0049281,0.95722,0.70088,0.43134,0.38032,0.011388,0.55624,0.7825,0.41695,0.64534,0.79749,0.17991,0.68734,0.53693,0.17558,0.05739,0.50209,0.80887,0.81855,0.12293,0.80855,0.27262,0.27933,0.41032,0.87741,0.14536,0.45901,0.034761,0.96013,0.59549,0.22145,0.30506,0.35691,0.88883,0.54832,0.39605,0.83519,0.16529,0.42503,0.91592,0.2961,0.083559,0.28189,0.9175,0.91885,0.051906,0.76565,0.45351,0.9659,0.19261,0.83972,0.16923,0.34058,0.99049,0.85396,0.18022,0.2921,0.46839,0.85453,0.68009,0.50326,0.62825,0.81856,0.53819,0.82302,0.044232,0.42598,0.81462,0.43406,0.75734,0.16331,0.14543,0.51154,0.092669,0.97098,0.15765,0.012246,0.041344,0.39617,0.3221,0.8042,0.7659,0.93099,0.77101,0.45673,0.1056,0.57503,0.42636,20.771
0.90636,0.67688,0.076165,0.85349,0.47379,0.2623,0.88944,0.10896,0.82851,0.68063,0.68071,0.4011,0.54114,0.589,0.47536,0.74255,0.53932,0.6929,0.12487,0.27663,0.26287,0.96827,0.48173,0.20265,0.44361,0.22111,0.86776,0.034342,0.71337,0.2424,0.38192,0.50916,0.22557,0.52911,0.74782,0.48254,0.51691,0.70476,0.0030741,0.44308,0.87891,0.57813,0.93973,0.99978,0.97043,0.24934,0.93168,0.37012,0.48242,0.50171,0.35906,0.84996,0.62759,0.29929,0.13299,0.70132,0.7122,0.75528,0.45841,0.25892,0.25708,0.4412,0.92989,0.36511,0.23404,0.18091,0.58349,0.37103,0.35515,0.65712,0.85649,0.80261,0.869,0.50499,0.97351,0.24626,0.86368,0.53524,0.77274,0.32422,0.081314,0.58144,0.88341,0.27366,0.36208,0.73161,0.53032,0.074801,0.35696,0.25454,0.57747,0.77002,0.9202,0.013992,0.4984,0.94928,0.31565,0.87822,0.16151,0.26006,24.384
0.12912,0.14829,0.7783,0.58005,0.50605,0.48341,0.84474,0.87637,0.35291,0.70065,0.59468,0.85509,0.072393,0.80724,0.094339,0.13522,0.077507,0.90645,0.73734,0.66819,0.84759,0.24848,0.72617,0.19541,0.39706,0.92068,0.27915,0.71444,0.18167,0.0041154,0.094095,0.35816,0.15799,0.7074,0.54982,0.42227,0.36655,0.42804,0.8612,0.99241,0.80147,0.081662,0.68142,0.65391,0.052375,0.38614,0.00087083,0.44855,0.68805,0.18098,0.56518,0.298,0.76767,0.49259,0.18674,0.27737,0.28398,0.7185,0.70038,0.87821,0.68478,0.13388,0.92432,0.43056,0.71342,0.95683,0.50483,0.58303,0.57414,0.62993,0.13911,0.34052,0.94169,0.5171,0.075995,0.098877,0.97652,0.020102,0.97142,0.54052,0.65579,0.45625,0.93069,0.85271,0.057611,0.7929,0.54479,0.36245,0.76316,0.88578,0.54882,0.30793,0.89866,0.44355,0.014205,0.58499,0.20108,0.92157,0.089854,0.26081,18.929
0.25841,0.37169,0.19906,0.4481,0.63781,0.39604,0.12666,0.074323,0.49937,0.66716,0.14673,0.2248,0.15478,0.50709,0.2572,0.292,0.60191,0.47244,0.87579,0.39232,0.1394,0.90605,0.28166,0.58676,0.44532,0.21574,0.53979,0.71775,0.46118,0.8214,0.96623,0.56294,0.22017,0.39842,0.90071,0.85391,0.8916,0.99523,0.020618,0.95865,0.21318,0.028183,0.53156,0.71051,0.011985,0.93762,0.40894,0.80748,0.089257,0.93983,0.33164,0.88552,0.63425,0.59049,0.94092,0.34634,0.31016,0.24723,0.40268,0.64784,0.43953,0.56526,0.28471,0.10238,0.71506,0.25372,0.57849,0.70533,0.79437,0.74436,0.59433,0.66735,0.54982,0.084415,0.51781,0.0081169,0.39433,0.7945,0.54985,0.33589,0.0063319,0.18544,0.66289,0.071788,0.67591,0.030833,0.40413,0.23058,0.82637,0.23974,0.74556,0.37699,0.44819,0.5237,0.75298,0.3836,0.17868,0.43135,0.88041,0.20064,21.647
0.63559,0.30688,0.61545,0.0035621,0.55677,0.29154,0.63155,0.36693,0.39969,0.5807,0.58721,0.329,0.0036417,0.40541,0.68832,0.17589,0.31862,0.27351,0.89979,0.46361,0.57505,0.84685,0.48075,0.72874,0.15309,0.88661,0.97507,0.9824,0.42749,0.72086,0.32499,0.61978,0.89558,0.34553,0.089554,0.5187,0.61181,0.75045,0.020763,0.58826,0.23322,0.65577,0.12868,0.71671,0.74988,0.69639,0.34349,0.15003,0.86436,0.34714,0.3667,0.095768,0.14479,0.76271,0.59523,0.35515,0.016871,0.46577,0.34683,0.68021,0.44912,0.94813,0.40438,0.14881,0.21073,0.16497,0.17692,0.83494,0.92188,0.24332,0.44391,0.69786,0.14661,0.28536,0.66652,0.73799,0.5533,0.38751,0.94688,0.78669,0.63432,0.12163,0.070441,0.33564,0.45306,0.10757,0.50552,0.47212,0.039756,0.90665,0.031802,0.595,0.12548,0.26857,0.6703,0.4596,0.091708,0.023824,0.19719,0.33195,19.234
0.27352,0.3097,0.31964,0.53585,0.19026,0.038688,0.79809,0.10211,0.84761,0.82733,0.92383,0.82645,0.35318,0.16588,0.78219,0.264,0.90338,0.94833,0.64774,0.49211,0.57268,0.81831,0.72225,0.054939,0.36266,0.19248,0.23923,0.35165,0.23518,0.19965,0.374,0.74804,0.38895,0.77844,0.42641,0.55464,0.6188,0.034056,0.27379,0.55345,0.37602,0.66919,0.47938,0.87337,0.7751,0.45247,0.97174,0.31361,0.49737,0.26807,0.34701,0.91183,0.65618,0.91623,0.68204,0.93936,0.39207,0.76406,0.95351,0.65903,0.58331,0.049473,0.24463,0.16897,0.75978,0.36908,0.99517,0.88087,0.69051,0.29856,0.1488,0.74916,0.84383,0.075669,0.43302,0.058596,0.70729,0.11402,0.60945,0.39871,0.60611,0.83035,0.24849,0.86734,0.36536,0.67506,0.71075,0.42163,0.12387,0.82821,0.48352,0.90624,0.9862,0.91735,0.56011,0.55122,0.27383,0.84671,0.62329,0.83048,24.909
0.81843,0.90235,0.50484,0.088893,0.51857,0.61883,0.73755,0.096585,0.92065,0.49972,0.77834,0.60305,0.45483,0.11177,0.27824,0.7077,0.77976,0.55427,0.94868,0.84898,0.99141,0.61656,0.76116,0.087983,0.62139,0.87301,0.71151,0.54596,0.42227,0.13528,0.91249,0.29155,0.39697,0.51977,0.52497,0.50625,0.35162,0.27444,0.11913,0.7013,0.9497,0.028196,0.37558,0.32177,0.44034,0.66647,0.97793,0.55253,0.020407,0.03943,0.88384,0.45126,0.34412,0.30849,0.35488,0.10024,0.16047,0.066345,0.14174,0.1546,0.80661,0.43113,0.91465,0.3921,0.83825,0.94745,0.39449,0.14608,0.33619,0.053829,0.13382,0.75951,0.5762,0.066732,0.73192,0.046775,0.7324,0.59668,0.71447,0.33467,0.44909,0.79575,0.36367,0.46321,0.60171,0.62975,0.887,0.47568,0.75224,0.051547,0.65802,0.10886,0.042431,0.9697,0.44908,0.31473,0.17812,0.42053,0.83253,0.10737,20.842
0.97592,0.32126,0.65855,0.86372,0.96549,0.36699,0.097705,0.89738,0.95028,0.68142,0.65795,0.14582,0.84868,0.93622,0.86586,0.94866,0.60293,0.078743,0.65017,0.97312,0.057642,0.32158,0.85098,0.23526,0.011701,0.81513,0.60498,0.88259,0.84695,0.37059,0.36151,0.42679,0.55124,0.80509,0.59897,0.33534,0.35619,0.68645,0.65901,0.96624,0.47901,0.52741,0.83435,0.93194,0.099844,0.15812,0.86693,0.21056,0.18337,0.12227,0.25057,0.1043,0.32067,0.49036,0.18668,0.60186,0.81207,0.73989,0.60731,0.17061,0.12627,0.92144,0.6068,0.66351,0.25737,0.078372,0.3576,0.43503,0.84342,0.69472,0.38669,0.99842,0.66472,0.83772,0.21147,0.37615,0.50934,0.55198,0.81171,0.23387,0.95466,0.1268,0.82902,0.22366,0.02214,0.65244,0.82133,0.51061,0.55089,0.17812,0.9933,0.22983,0.79077,0.14178,0.71252,0.19811,0.49863,0.54879,0.5691,0.61056,23.076
0.26893,0.61378,0.45546,0.50163,0.50635,0.66516,0.74925,0.59511,0.058364,0.87013,0.41915,0.68951,0.56174,0.86227,0.2035,0.27654,0.057082,0.50384,0.16002,0.36378,0.83101,0.89188,0.59599,0.15854,0.73625,0.69514,0.31134,0.43097,0.33112,0.89525,0.18498,0.82697,0.20501,0.57254,0.73404,0.97098,0.31345,0.99919,0.59304,0.62494,0.068509,0.7674,0.1629,0.13213,0.68464,0.088547,0.30917,0.95649,0.81029,0.48324,0.96019,0.29579,0.9129,0.095369,0.91436,0.27145,0.63109,0.81435,0.96223,0.099833,0.71482,0.13381,0.68693,0.070536,0.42623,0.1548,0.28566,0.33627,0.48006,0.89968,0.95229,0.65344,0.1889,0.34455,0.74327,0.93394,0.38315,0.73333,0.82128,0.12351,0.51422,0.80201,0.38553,0.10053,0.3271,0.15848,0.33577,0.013673,0.5409,0.10747,0.14884,0.81372,0.014503,0.23949,0.95749,0.72918,0.50917,0.90368,0.45201,0.6832,22.419
0.96252,0.91484,0.094842,0.8891,0.6604,0.11852,0.081728,0.86819,0.31336,0.72715,0.42601,0.27838,0.068021,0.4117,0.43519,0.29113,0.43786,0.60067,0.50501,0.53002,0.24719,0.1717,0.28066,0.69402,0.63298,0.9426,0.70926,0.81775,0.47062,0.6649,0.048163,0.6743,0.69517,0.42587,0.30339,0.71127,0.20033,0.63665,0.45924,0.77852,0.99399,0.2375,0.56834,0.94237,0.2217,0.9406,0.4632,0.13265,0.63586,0.49499,0.53793,0.057868,0.85097,0.91012,0.039086,0.64143,0.23925,0.95344,0.27339,0.8638,0.11963,0.017221,0.53969,0.94069,0.70323,0.023546,0.72448,0.49945,0.8708,0.52207,0.18421,0.64684,0.99878,0.12463,0.71229,0.91432,0.22392,0.8923,0.57078,0.81518,0.14257,0.91751,0.65379,0.015011,0.45402,0.9237,0.95168,0.30212,0.31912,0.32906,0.40914,0.9619,0.31181,0.88764,0.33027,0.99206,0.34648,0.35772,0.79025,0.34311,29.788
0.26569,0.15784,0.22005,0.9875,0.98207,0.60957,0.22425,0.12808,0.010101,0.74071,0.72611,0.072103,0.97678,0.36066,0.44188,0.38003,0.38929,0.90943,0.70433,0.28552,0.29674,0.75054,0.2781,0.543,0.89444,0.65233,0.66344,0.52781,0.7422,0.64386,0.77896,0.059634,0.34768,0.88009,0.47865,0.89509,0.022587,0.64693,0.79117,0.094741,0.92821,0.59698,0.042924,0.64489,0.63595,0.98495,0.48296,0.22896,0.33911,0.62203,0.96522,0.93956,0.37344,0.060622,0.3994,0.0658,0.0099231,0.93636,0.9275,0.86277,0.99087,0.29364,0.71941,0.74634,0.59265,0.67335,0.60484,0.89069,0.17259,0.45126,0.41766,0.9006,0.40117,0.58772,0.4986,0.8402,0.38054,0.76382,0.66886,0.72177,0.62371,0.75902,0.66315,0.17113,0.20747,0.47173,0.75244,0.099953,0.15319,0.16467,0.63584,0.20811,0.8154,0.35434,0.88485,0.60465,0.51283,0.80884,0.45358,0.86727,20.7
0.76518,0.064094,0.94607,0.14583,0.62324,0.48564,0.71251,0.38257,0.56222,0.5556,0.25344,0.51573,0.95554,0.817,0.68035,0.37285,0.54684,0.4015,0.88514,0.087776,0.68817,0.13367,0.78269,0.19727,0.86183,0.048105,0.063052,0.89584,0.19517,0.23553,0.77133,0.019892,0.13621,0.30227,0.27832,0.88681,0.60697,0.37323,0.8616,0.62971,0.57472,0.63747,0.7116,0.82384,0.92169,0.87243,0.54918,0.82626,0.53705,0.40105,0.17278,0.82393,0.18633,0.73689,0.34047,0.097903,0.8175,0.8913,0.81146,0.40086,0.72164,0.17349,0.58919,0.51717,0.6377,0.95499,0.8965,0.7091,0.36567,0.91469,0.56314,0.27701,0.19471,0.59759,0.65602,0.98585,0.45982,0.5029,0.37453,0.699,0.20382,0.92418,0.55769,0.6498,0.40575,0.68667,0.74956,0.11276,0.43119,0.9935,0.23153,0.17937,0.81052,0.79489,0.32639,0.032751,0.48364,0.75752,0.16848,0.53433,23.788
0.69887,0.21984,0.72894,0.27439,0.51544,0.68543,0.66182,0.21277,0.46325,0.51356,0.73086,0.43244,0.23186,0.021265,0.79793,0.77017,0.20691,0.39356,0.408,0.83179,0.05571,0.047447,0.36431,0.092444,0.76609,0.93037,0.76878,0.73589,0.40019,0.069925,0.11319,0.72935,0.19598,0.1877,0.48314,0.78434,0.87701,0.31843,0.092319,0.0072061,0.14198,0.71993,0.62662,0.94148,0.49007,0.69664,0.8228,0.2609,0.49004,0.70812,0.79361,0.16392,0.5254,0.85188,0.7874,0.18471,0.20652,0.51957,0.50593,0.65577,0.66368,0.79836,0.78128,0.73461,0.50537,0.051158,0.39642,0.91827,0.51513,0.74161,0.97655,0.9643,0.84394,0.35979,0.46737,0.052885,0.62124,0.58536,0.53183,0.61885,0.67435,0.55899,0.35666,0.66373,0.78824,0.12753,0.11484,0.83115,0.7773,0.20386,0.70184,0.43092,0.67213,0.27214,0.67758,0.37238,0.53085,0.98065,0.33259,0.14852,23.733
0.41535,0.73423,0.96313,0.73175,0.5333,0.74012,0.4717,0.50739,0.38168,0.98764,0.53962,0.17029,0.64285,0.76706,0.36135,0.8319,0.85094,0.33453,0.55812,0.84992,0.89312,0.70384,0.97912,0.27502,0.028155,0.80504,0.617,0.37603,0.34955,0.16475,0.025938,0.97946,0.65381,0.075895,0.067645,0.88392,0.34855,0.30977,0.35529,0.83531,0.31436,0.97059,0.077729,0.068633,0.40719,0.7907,0.27326,0.49767,0.84297,0.16224,0.038604,0.55404,0.21427,0.040152,0.0090712,0.8535,0.11606,0.97123,0.78306,0.93589,0.55289,0.78739,0.25776,0.93522,0.923,0.94176,0.25331,0.03865,0.689,0.067233,0.34031,0.069131,0.030797,0.3433,0.29463,0.89292,0.45026,0.09391,0.084136,0.94714,0.89927,0.73014,0.98256,0.34868,0.74385,0.62375,0.076021,0.33049,0.75973,0.68432,0.025797,0.82356,0.74879,0.74948,0.55603,0.043037,0.68951,0.65659,0.64811,0.12244,24.883
0.22348,0.65979,0.16506,0.62313,0.45328,0.74149,0.10431,0.5705,0.21683,0.10075,0.62064,0.45022,0.59962,0.21847,0.92617,0.68682,0.77564,0.0026719,0.5376,0.35586,0.41929,0.71412,0.26903,0.963,0.38802,0.38642,0.90816,0.6385,0.64922,0.50596,0.018563,0.57716,0.254,0.81779,0.25615,0.40769,0.80086,0.55234,0.62158,0.65291,0.64578,0.95957,0.28721,0.29018,0.95277,0.51261,0.19576,0.14629,0.62285,0.077126,0.75953,0.086282,0.41872,0.44272,0.43141,0.25743,0.45868,0.67639,0.69005,0.98051,0.53842,0.86026,0.10918,0.44905,0.80557,0.0033341,0.14557,0.71205,0.24717,0.77023,0.17682,0.73114,0.89715,0.97753,0.23933,0.076478,0.28795,0.12467,0.35175,0.062293,0.43956,0.71473,0.7827,0.83454,0.090227,0.4054,0.19154,0.19477,0.92774,0.25517,0.47604,0.85582,0.39409,0.25408,0.22041,0.071389,0.28453,0.56555,0.25277,0.04311,20.996
